treatment,lambda_distribution,variable_sigma_across_populations,sigma_distribution,carrying_capacity_distribution,alpha,migration_rate_distribution,variable_lambda_across_populations,num_populations,fixed_metapopulation,parameters_fixed_across_populations,metapopulation_generator,number_of_timesteps
1,Exponential{Float64}(θ=1.0),false,Exponential{Float64}(θ=0.01),Exponential{Float64}(θ=1.0),3,0.01,false,20,false,false,get_random_metapopulation,1000
2,Exponential{Float64}(θ=1.0),false,Exponential{Float64}(θ=0.1),Exponential{Float64}(θ=1.0),3,0.01,false,20,false,false,get_random_metapopulation,1000
3,Exponential{Float64}(θ=1.0),false,Exponential{Float64}(θ=0.5),Exponential{Float64}(θ=1.0),3,0.01,false,20,false,false,get_random_metapopulation,1000
4,Exponential{Float64}(θ=1.0),false,Exponential{Float64}(θ=0.01),Exponential{Float64}(θ=1.0),3,0.02,false,20,false,false,get_random_metapopulation,1000
5,Exponential{Float64}(θ=1.0),false,Exponential{Float64}(θ=0.1),Exponential{Float64}(θ=1.0),3,0.02,false,20,false,false,get_random_metapopulation,1000
6,Exponential{Float64}(θ=1.0),false,Exponential{Float64}(θ=0.5),Exponential{Float64}(θ=1.0),3,0.02,false,20,false,false,get_random_metapopulation,1000
7,Exponential{Float64}(θ=1.0),false,Exponential{Float64}(θ=0.01),Exponential{Float64}(θ=1.0),3,0.03,false,20,false,false,get_random_metapopulation,1000
8,Exponential{Float64}(θ=1.0),false,Exponential{Float64}(θ=0.1),Exponential{Float64}(θ=1.0),3,0.03,false,20,false,false,get_random_metapopulation,1000
9,Exponential{Float64}(θ=1.0),false,Exponential{Float64}(θ=0.5),Exponential{Float64}(θ=1.0),3,0.03,false,20,false,false,get_random_metapopulation,1000
10,Exponential{Float64}(θ=1.0),false,Exponential{Float64}(θ=0.01),Exponential{Float64}(θ=1.0),3,0.04,false,20,false,false,get_random_metapopulation,1000
11,Exponential{Float64}(θ=1.0),false,Exponential{Float64}(θ=0.1),Exponential{Float64}(θ=1.0),3,0.04,false,20,false,false,get_random_metapopulation,1000
12,Exponential{Float64}(θ=1.0),false,Exponential{Float64}(θ=0.5),Exponential{Float64}(θ=1.0),3,0.04,false,20,false,false,get_random_metapopulation,1000
13,Exponential{Float64}(θ=1.0),false,Exponential{Float64}(θ=0.01),Exponential{Float64}(θ=1.0),3,0.05,false,20,false,false,get_random_metapopulation,1000
14,Exponential{Float64}(θ=1.0),false,Exponential{Float64}(θ=0.1),Exponential{Float64}(θ=1.0),3,0.05,false,20,false,false,get_random_metapopulation,1000
15,Exponential{Float64}(θ=1.0),false,Exponential{Float64}(θ=0.5),Exponential{Float64}(θ=1.0),3,0.05,false,20,false,false,get_random_metapopulation,1000
16,Exponential{Float64}(θ=1.0),false,Exponential{Float64}(θ=0.01),Exponential{Float64}(θ=1.0),3,0.06,false,20,false,false,get_random_metapopulation,1000
17,Exponential{Float64}(θ=1.0),false,Exponential{Float64}(θ=0.1),Exponential{Float64}(θ=1.0),3,0.06,false,20,false,false,get_random_metapopulation,1000
18,Exponential{Float64}(θ=1.0),false,Exponential{Float64}(θ=0.5),Exponential{Float64}(θ=1.0),3,0.06,false,20,false,false,get_random_metapopulation,1000
19,Exponential{Float64}(θ=1.0),false,Exponential{Float64}(θ=0.01),Exponential{Float64}(θ=1.0),3,0.07,false,20,false,false,get_random_metapopulation,1000
20,Exponential{Float64}(θ=1.0),false,Exponential{Float64}(θ=0.1),Exponential{Float64}(θ=1.0),3,0.07,false,20,false,false,get_random_metapopulation,1000
21,Exponential{Float64}(θ=1.0),false,Exponential{Float64}(θ=0.5),Exponential{Float64}(θ=1.0),3,0.07,false,20,false,false,get_random_metapopulation,1000
22,Exponential{Float64}(θ=1.0),false,Exponential{Float64}(θ=0.01),Exponential{Float64}(θ=1.0),3,0.08,false,20,false,false,get_random_metapopulation,1000
23,Exponential{Float64}(θ=1.0),false,Exponential{Float64}(θ=0.1),Exponential{Float64}(θ=1.0),3,0.08,false,20,false,false,get_random_metapopulation,1000
24,Exponential{Float64}(θ=1.0),false,Exponential{Float64}(θ=0.5),Exponential{Float64}(θ=1.0),3,0.08,false,20,false,false,get_random_metapopulation,1000
25,Exponential{Float64}(θ=1.0),false,Exponential{Float64}(θ=0.01),Exponential{Float64}(θ=1.0),3,0.09,false,20,false,false,get_random_metapopulation,1000
26,Exponential{Float64}(θ=1.0),false,Exponential{Float64}(θ=0.1),Exponential{Float64}(θ=1.0),3,0.09,false,20,false,false,get_random_metapopulation,1000
27,Exponential{Float64}(θ=1.0),false,Exponential{Float64}(θ=0.5),Exponential{Float64}(θ=1.0),3,0.09,false,20,false,false,get_random_metapopulation,1000
28,Exponential{Float64}(θ=1.0),false,Exponential{Float64}(θ=0.01),Exponential{Float64}(θ=1.0),3,0.1,false,20,false,false,get_random_metapopulation,1000
29,Exponential{Float64}(θ=1.0),false,Exponential{Float64}(θ=0.1),Exponential{Float64}(θ=1.0),3,0.1,false,20,false,false,get_random_metapopulation,1000
30,Exponential{Float64}(θ=1.0),false,Exponential{Float64}(θ=0.5),Exponential{Float64}(θ=1.0),3,0.1,false,20,false,false,get_random_metapopulation,1000
31,Exponential{Float64}(θ=1.0),false,Exponential{Float64}(θ=0.01),Exponential{Float64}(θ=1.0),3,0.11,false,20,false,false,get_random_metapopulation,1000
32,Exponential{Float64}(θ=1.0),false,Exponential{Float64}(θ=0.1),Exponential{Float64}(θ=1.0),3,0.11,false,20,false,false,get_random_metapopulation,1000
33,Exponential{Float64}(θ=1.0),false,Exponential{Float64}(θ=0.5),Exponential{Float64}(θ=1.0),3,0.11,false,20,false,false,get_random_metapopulation,1000
34,Exponential{Float64}(θ=1.0),false,Exponential{Float64}(θ=0.01),Exponential{Float64}(θ=1.0),3,0.12,false,20,false,false,get_random_metapopulation,1000
35,Exponential{Float64}(θ=1.0),false,Exponential{Float64}(θ=0.1),Exponential{Float64}(θ=1.0),3,0.12,false,20,false,false,get_random_metapopulation,1000
36,Exponential{Float64}(θ=1.0),false,Exponential{Float64}(θ=0.5),Exponential{Float64}(θ=1.0),3,0.12,false,20,false,false,get_random_metapopulation,1000
37,Exponential{Float64}(θ=1.0),false,Exponential{Float64}(θ=0.01),Exponential{Float64}(θ=1.0),3,0.13,false,20,false,false,get_random_metapopulation,1000
38,Exponential{Float64}(θ=1.0),false,Exponential{Float64}(θ=0.1),Exponential{Float64}(θ=1.0),3,0.13,false,20,false,false,get_random_metapopulation,1000
39,Exponential{Float64}(θ=1.0),false,Exponential{Float64}(θ=0.5),Exponential{Float64}(θ=1.0),3,0.13,false,20,false,false,get_random_metapopulation,1000
40,Exponential{Float64}(θ=1.0),false,Exponential{Float64}(θ=0.01),Exponential{Float64}(θ=1.0),3,0.14,false,20,false,false,get_random_metapopulation,1000
41,Exponential{Float64}(θ=1.0),false,Exponential{Float64}(θ=0.1),Exponential{Float64}(θ=1.0),3,0.14,false,20,false,false,get_random_metapopulation,1000
42,Exponential{Float64}(θ=1.0),false,Exponential{Float64}(θ=0.5),Exponential{Float64}(θ=1.0),3,0.14,false,20,false,false,get_random_metapopulation,1000
43,Exponential{Float64}(θ=1.0),false,Exponential{Float64}(θ=0.01),Exponential{Float64}(θ=1.0),3,0.15,false,20,false,false,get_random_metapopulation,1000
44,Exponential{Float64}(θ=1.0),false,Exponential{Float64}(θ=0.1),Exponential{Float64}(θ=1.0),3,0.15,false,20,false,false,get_random_metapopulation,1000
45,Exponential{Float64}(θ=1.0),false,Exponential{Float64}(θ=0.5),Exponential{Float64}(θ=1.0),3,0.15,false,20,false,false,get_random_metapopulation,1000
46,Exponential{Float64}(θ=1.0),false,Exponential{Float64}(θ=0.01),Exponential{Float64}(θ=1.0),3,0.16,false,20,false,false,get_random_metapopulation,1000
47,Exponential{Float64}(θ=1.0),false,Exponential{Float64}(θ=0.1),Exponential{Float64}(θ=1.0),3,0.16,false,20,false,false,get_random_metapopulation,1000
48,Exponential{Float64}(θ=1.0),false,Exponential{Float64}(θ=0.5),Exponential{Float64}(θ=1.0),3,0.16,false,20,false,false,get_random_metapopulation,1000
49,Exponential{Float64}(θ=1.0),false,Exponential{Float64}(θ=0.01),Exponential{Float64}(θ=1.0),3,0.17,false,20,false,false,get_random_metapopulation,1000
50,Exponential{Float64}(θ=1.0),false,Exponential{Float64}(θ=0.1),Exponential{Float64}(θ=1.0),3,0.17,false,20,false,false,get_random_metapopulation,1000
51,Exponential{Float64}(θ=1.0),false,Exponential{Float64}(θ=0.5),Exponential{Float64}(θ=1.0),3,0.17,false,20,false,false,get_random_metapopulation,1000
52,Exponential{Float64}(θ=1.0),false,Exponential{Float64}(θ=0.01),Exponential{Float64}(θ=1.0),3,0.18,false,20,false,false,get_random_metapopulation,1000
53,Exponential{Float64}(θ=1.0),false,Exponential{Float64}(θ=0.1),Exponential{Float64}(θ=1.0),3,0.18,false,20,false,false,get_random_metapopulation,1000
54,Exponential{Float64}(θ=1.0),false,Exponential{Float64}(θ=0.5),Exponential{Float64}(θ=1.0),3,0.18,false,20,false,false,get_random_metapopulation,1000
55,Exponential{Float64}(θ=1.0),false,Exponential{Float64}(θ=0.01),Exponential{Float64}(θ=1.0),3,0.19,false,20,false,false,get_random_metapopulation,1000
56,Exponential{Float64}(θ=1.0),false,Exponential{Float64}(θ=0.1),Exponential{Float64}(θ=1.0),3,0.19,false,20,false,false,get_random_metapopulation,1000
57,Exponential{Float64}(θ=1.0),false,Exponential{Float64}(θ=0.5),Exponential{Float64}(θ=1.0),3,0.19,false,20,false,false,get_random_metapopulation,1000
58,Exponential{Float64}(θ=1.0),false,Exponential{Float64}(θ=0.01),Exponential{Float64}(θ=1.0),3,0.2,false,20,false,false,get_random_metapopulation,1000
59,Exponential{Float64}(θ=1.0),false,Exponential{Float64}(θ=0.1),Exponential{Float64}(θ=1.0),3,0.2,false,20,false,false,get_random_metapopulation,1000
60,Exponential{Float64}(θ=1.0),false,Exponential{Float64}(θ=0.5),Exponential{Float64}(θ=1.0),3,0.2,false,20,false,false,get_random_metapopulation,1000
61,Exponential{Float64}(θ=1.0),false,Exponential{Float64}(θ=0.01),Exponential{Float64}(θ=1.0),3,0.21,false,20,false,false,get_random_metapopulation,1000
62,Exponential{Float64}(θ=1.0),false,Exponential{Float64}(θ=0.1),Exponential{Float64}(θ=1.0),3,0.21,false,20,false,false,get_random_metapopulation,1000
63,Exponential{Float64}(θ=1.0),false,Exponential{Float64}(θ=0.5),Exponential{Float64}(θ=1.0),3,0.21,false,20,false,false,get_random_metapopulation,1000
64,Exponential{Float64}(θ=1.0),false,Exponential{Float64}(θ=0.01),Exponential{Float64}(θ=1.0),3,0.22,false,20,false,false,get_random_metapopulation,1000
65,Exponential{Float64}(θ=1.0),false,Exponential{Float64}(θ=0.1),Exponential{Float64}(θ=1.0),3,0.22,false,20,false,false,get_random_metapopulation,1000
66,Exponential{Float64}(θ=1.0),false,Exponential{Float64}(θ=0.5),Exponential{Float64}(θ=1.0),3,0.22,false,20,false,false,get_random_metapopulation,1000
67,Exponential{Float64}(θ=1.0),false,Exponential{Float64}(θ=0.01),Exponential{Float64}(θ=1.0),3,0.23,false,20,false,false,get_random_metapopulation,1000
68,Exponential{Float64}(θ=1.0),false,Exponential{Float64}(θ=0.1),Exponential{Float64}(θ=1.0),3,0.23,false,20,false,false,get_random_metapopulation,1000
69,Exponential{Float64}(θ=1.0),false,Exponential{Float64}(θ=0.5),Exponential{Float64}(θ=1.0),3,0.23,false,20,false,false,get_random_metapopulation,1000
70,Exponential{Float64}(θ=1.0),false,Exponential{Float64}(θ=0.01),Exponential{Float64}(θ=1.0),3,0.24,false,20,false,false,get_random_metapopulation,1000
71,Exponential{Float64}(θ=1.0),false,Exponential{Float64}(θ=0.1),Exponential{Float64}(θ=1.0),3,0.24,false,20,false,false,get_random_metapopulation,1000
72,Exponential{Float64}(θ=1.0),false,Exponential{Float64}(θ=0.5),Exponential{Float64}(θ=1.0),3,0.24,false,20,false,false,get_random_metapopulation,1000
73,Exponential{Float64}(θ=1.0),false,Exponential{Float64}(θ=0.01),Exponential{Float64}(θ=1.0),3,0.25,false,20,false,false,get_random_metapopulation,1000
74,Exponential{Float64}(θ=1.0),false,Exponential{Float64}(θ=0.1),Exponential{Float64}(θ=1.0),3,0.25,false,20,false,false,get_random_metapopulation,1000
75,Exponential{Float64}(θ=1.0),false,Exponential{Float64}(θ=0.5),Exponential{Float64}(θ=1.0),3,0.25,false,20,false,false,get_random_metapopulation,1000
76,Exponential{Float64}(θ=1.0),false,Exponential{Float64}(θ=0.01),Exponential{Float64}(θ=1.0),3,0.26,false,20,false,false,get_random_metapopulation,1000
77,Exponential{Float64}(θ=1.0),false,Exponential{Float64}(θ=0.1),Exponential{Float64}(θ=1.0),3,0.26,false,20,false,false,get_random_metapopulation,1000
78,Exponential{Float64}(θ=1.0),false,Exponential{Float64}(θ=0.5),Exponential{Float64}(θ=1.0),3,0.26,false,20,false,false,get_random_metapopulation,1000
79,Exponential{Float64}(θ=1.0),false,Exponential{Float64}(θ=0.01),Exponential{Float64}(θ=1.0),3,0.27,false,20,false,false,get_random_metapopulation,1000
80,Exponential{Float64}(θ=1.0),false,Exponential{Float64}(θ=0.1),Exponential{Float64}(θ=1.0),3,0.27,false,20,false,false,get_random_metapopulation,1000
81,Exponential{Float64}(θ=1.0),false,Exponential{Float64}(θ=0.5),Exponential{Float64}(θ=1.0),3,0.27,false,20,false,false,get_random_metapopulation,1000
82,Exponential{Float64}(θ=1.0),false,Exponential{Float64}(θ=0.01),Exponential{Float64}(θ=1.0),3,0.28,false,20,false,false,get_random_metapopulation,1000
83,Exponential{Float64}(θ=1.0),false,Exponential{Float64}(θ=0.1),Exponential{Float64}(θ=1.0),3,0.28,false,20,false,false,get_random_metapopulation,1000
84,Exponential{Float64}(θ=1.0),false,Exponential{Float64}(θ=0.5),Exponential{Float64}(θ=1.0),3,0.28,false,20,false,false,get_random_metapopulation,1000
85,Exponential{Float64}(θ=1.0),false,Exponential{Float64}(θ=0.01),Exponential{Float64}(θ=1.0),3,0.29,false,20,false,false,get_random_metapopulation,1000
86,Exponential{Float64}(θ=1.0),false,Exponential{Float64}(θ=0.1),Exponential{Float64}(θ=1.0),3,0.29,false,20,false,false,get_random_metapopulation,1000
87,Exponential{Float64}(θ=1.0),false,Exponential{Float64}(θ=0.5),Exponential{Float64}(θ=1.0),3,0.29,false,20,false,false,get_random_metapopulation,1000
88,Exponential{Float64}(θ=1.0),false,Exponential{Float64}(θ=0.01),Exponential{Float64}(θ=1.0),3,0.3,false,20,false,false,get_random_metapopulation,1000
89,Exponential{Float64}(θ=1.0),false,Exponential{Float64}(θ=0.1),Exponential{Float64}(θ=1.0),3,0.3,false,20,false,false,get_random_metapopulation,1000
90,Exponential{Float64}(θ=1.0),false,Exponential{Float64}(θ=0.5),Exponential{Float64}(θ=1.0),3,0.3,false,20,false,false,get_random_metapopulation,1000
91,Exponential{Float64}(θ=1.0),false,Exponential{Float64}(θ=0.01),Exponential{Float64}(θ=1.0),3,0.31,false,20,false,false,get_random_metapopulation,1000
92,Exponential{Float64}(θ=1.0),false,Exponential{Float64}(θ=0.1),Exponential{Float64}(θ=1.0),3,0.31,false,20,false,false,get_random_metapopulation,1000
93,Exponential{Float64}(θ=1.0),false,Exponential{Float64}(θ=0.5),Exponential{Float64}(θ=1.0),3,0.31,false,20,false,false,get_random_metapopulation,1000
94,Exponential{Float64}(θ=1.0),false,Exponential{Float64}(θ=0.01),Exponential{Float64}(θ=1.0),3,0.32,false,20,false,false,get_random_metapopulation,1000
95,Exponential{Float64}(θ=1.0),false,Exponential{Float64}(θ=0.1),Exponential{Float64}(θ=1.0),3,0.32,false,20,false,false,get_random_metapopulation,1000
96,Exponential{Float64}(θ=1.0),false,Exponential{Float64}(θ=0.5),Exponential{Float64}(θ=1.0),3,0.32,false,20,false,false,get_random_metapopulation,1000
97,Exponential{Float64}(θ=1.0),false,Exponential{Float64}(θ=0.01),Exponential{Float64}(θ=1.0),3,0.33,false,20,false,false,get_random_metapopulation,1000
98,Exponential{Float64}(θ=1.0),false,Exponential{Float64}(θ=0.1),Exponential{Float64}(θ=1.0),3,0.33,false,20,false,false,get_random_metapopulation,1000
99,Exponential{Float64}(θ=1.0),false,Exponential{Float64}(θ=0.5),Exponential{Float64}(θ=1.0),3,0.33,false,20,false,false,get_random_metapopulation,1000
100,Exponential{Float64}(θ=1.0),false,Exponential{Float64}(θ=0.01),Exponential{Float64}(θ=1.0),3,0.34,false,20,false,false,get_random_metapopulation,1000
101,Exponential{Float64}(θ=1.0),false,Exponential{Float64}(θ=0.1),Exponential{Float64}(θ=1.0),3,0.34,false,20,false,false,get_random_metapopulation,1000
102,Exponential{Float64}(θ=1.0),false,Exponential{Float64}(θ=0.5),Exponential{Float64}(θ=1.0),3,0.34,false,20,false,false,get_random_metapopulation,1000
103,Exponential{Float64}(θ=1.0),false,Exponential{Float64}(θ=0.01),Exponential{Float64}(θ=1.0),3,0.35,false,20,false,false,get_random_metapopulation,1000
104,Exponential{Float64}(θ=1.0),false,Exponential{Float64}(θ=0.1),Exponential{Float64}(θ=1.0),3,0.35,false,20,false,false,get_random_metapopulation,1000
105,Exponential{Float64}(θ=1.0),false,Exponential{Float64}(θ=0.5),Exponential{Float64}(θ=1.0),3,0.35,false,20,false,false,get_random_metapopulation,1000
106,Exponential{Float64}(θ=1.0),false,Exponential{Float64}(θ=0.01),Exponential{Float64}(θ=1.0),3,0.36,false,20,false,false,get_random_metapopulation,1000
107,Exponential{Float64}(θ=1.0),false,Exponential{Float64}(θ=0.1),Exponential{Float64}(θ=1.0),3,0.36,false,20,false,false,get_random_metapopulation,1000
108,Exponential{Float64}(θ=1.0),false,Exponential{Float64}(θ=0.5),Exponential{Float64}(θ=1.0),3,0.36,false,20,false,false,get_random_metapopulation,1000
109,Exponential{Float64}(θ=1.0),false,Exponential{Float64}(θ=0.01),Exponential{Float64}(θ=1.0),3,0.37,false,20,false,false,get_random_metapopulation,1000
110,Exponential{Float64}(θ=1.0),false,Exponential{Float64}(θ=0.1),Exponential{Float64}(θ=1.0),3,0.37,false,20,false,false,get_random_metapopulation,1000
111,Exponential{Float64}(θ=1.0),false,Exponential{Float64}(θ=0.5),Exponential{Float64}(θ=1.0),3,0.37,false,20,false,false,get_random_metapopulation,1000
112,Exponential{Float64}(θ=1.0),false,Exponential{Float64}(θ=0.01),Exponential{Float64}(θ=1.0),3,0.38,false,20,false,false,get_random_metapopulation,1000
113,Exponential{Float64}(θ=1.0),false,Exponential{Float64}(θ=0.1),Exponential{Float64}(θ=1.0),3,0.38,false,20,false,false,get_random_metapopulation,1000
114,Exponential{Float64}(θ=1.0),false,Exponential{Float64}(θ=0.5),Exponential{Float64}(θ=1.0),3,0.38,false,20,false,false,get_random_metapopulation,1000
115,Exponential{Float64}(θ=1.0),false,Exponential{Float64}(θ=0.01),Exponential{Float64}(θ=1.0),3,0.39,false,20,false,false,get_random_metapopulation,1000
116,Exponential{Float64}(θ=1.0),false,Exponential{Float64}(θ=0.1),Exponential{Float64}(θ=1.0),3,0.39,false,20,false,false,get_random_metapopulation,1000
117,Exponential{Float64}(θ=1.0),false,Exponential{Float64}(θ=0.5),Exponential{Float64}(θ=1.0),3,0.39,false,20,false,false,get_random_metapopulation,1000
118,Exponential{Float64}(θ=1.0),false,Exponential{Float64}(θ=0.01),Exponential{Float64}(θ=1.0),3,0.4,false,20,false,false,get_random_metapopulation,1000
119,Exponential{Float64}(θ=1.0),false,Exponential{Float64}(θ=0.1),Exponential{Float64}(θ=1.0),3,0.4,false,20,false,false,get_random_metapopulation,1000
120,Exponential{Float64}(θ=1.0),false,Exponential{Float64}(θ=0.5),Exponential{Float64}(θ=1.0),3,0.4,false,20,false,false,get_random_metapopulation,1000
121,Exponential{Float64}(θ=1.0),false,Exponential{Float64}(θ=0.01),Exponential{Float64}(θ=1.0),3,0.41,false,20,false,false,get_random_metapopulation,1000
122,Exponential{Float64}(θ=1.0),false,Exponential{Float64}(θ=0.1),Exponential{Float64}(θ=1.0),3,0.41,false,20,false,false,get_random_metapopulation,1000
123,Exponential{Float64}(θ=1.0),false,Exponential{Float64}(θ=0.5),Exponential{Float64}(θ=1.0),3,0.41,false,20,false,false,get_random_metapopulation,1000
124,Exponential{Float64}(θ=1.0),false,Exponential{Float64}(θ=0.01),Exponential{Float64}(θ=1.0),3,0.42,false,20,false,false,get_random_metapopulation,1000
125,Exponential{Float64}(θ=1.0),false,Exponential{Float64}(θ=0.1),Exponential{Float64}(θ=1.0),3,0.42,false,20,false,false,get_random_metapopulation,1000
126,Exponential{Float64}(θ=1.0),false,Exponential{Float64}(θ=0.5),Exponential{Float64}(θ=1.0),3,0.42,false,20,false,false,get_random_metapopulation,1000
127,Exponential{Float64}(θ=1.0),false,Exponential{Float64}(θ=0.01),Exponential{Float64}(θ=1.0),3,0.43,false,20,false,false,get_random_metapopulation,1000
128,Exponential{Float64}(θ=1.0),false,Exponential{Float64}(θ=0.1),Exponential{Float64}(θ=1.0),3,0.43,false,20,false,false,get_random_metapopulation,1000
129,Exponential{Float64}(θ=1.0),false,Exponential{Float64}(θ=0.5),Exponential{Float64}(θ=1.0),3,0.43,false,20,false,false,get_random_metapopulation,1000
130,Exponential{Float64}(θ=1.0),false,Exponential{Float64}(θ=0.01),Exponential{Float64}(θ=1.0),3,0.44,false,20,false,false,get_random_metapopulation,1000
131,Exponential{Float64}(θ=1.0),false,Exponential{Float64}(θ=0.1),Exponential{Float64}(θ=1.0),3,0.44,false,20,false,false,get_random_metapopulation,1000
132,Exponential{Float64}(θ=1.0),false,Exponential{Float64}(θ=0.5),Exponential{Float64}(θ=1.0),3,0.44,false,20,false,false,get_random_metapopulation,1000
133,Exponential{Float64}(θ=1.0),false,Exponential{Float64}(θ=0.01),Exponential{Float64}(θ=1.0),3,0.45,false,20,false,false,get_random_metapopulation,1000
134,Exponential{Float64}(θ=1.0),false,Exponential{Float64}(θ=0.1),Exponential{Float64}(θ=1.0),3,0.45,false,20,false,false,get_random_metapopulation,1000
135,Exponential{Float64}(θ=1.0),false,Exponential{Float64}(θ=0.5),Exponential{Float64}(θ=1.0),3,0.45,false,20,false,false,get_random_metapopulation,1000
136,Exponential{Float64}(θ=1.0),false,Exponential{Float64}(θ=0.01),Exponential{Float64}(θ=1.0),3,0.46,false,20,false,false,get_random_metapopulation,1000
137,Exponential{Float64}(θ=1.0),false,Exponential{Float64}(θ=0.1),Exponential{Float64}(θ=1.0),3,0.46,false,20,false,false,get_random_metapopulation,1000
138,Exponential{Float64}(θ=1.0),false,Exponential{Float64}(θ=0.5),Exponential{Float64}(θ=1.0),3,0.46,false,20,false,false,get_random_metapopulation,1000
139,Exponential{Float64}(θ=1.0),false,Exponential{Float64}(θ=0.01),Exponential{Float64}(θ=1.0),3,0.47,false,20,false,false,get_random_metapopulation,1000
140,Exponential{Float64}(θ=1.0),false,Exponential{Float64}(θ=0.1),Exponential{Float64}(θ=1.0),3,0.47,false,20,false,false,get_random_metapopulation,1000
141,Exponential{Float64}(θ=1.0),false,Exponential{Float64}(θ=0.5),Exponential{Float64}(θ=1.0),3,0.47,false,20,false,false,get_random_metapopulation,1000
142,Exponential{Float64}(θ=1.0),false,Exponential{Float64}(θ=0.01),Exponential{Float64}(θ=1.0),3,0.48,false,20,false,false,get_random_metapopulation,1000
143,Exponential{Float64}(θ=1.0),false,Exponential{Float64}(θ=0.1),Exponential{Float64}(θ=1.0),3,0.48,false,20,false,false,get_random_metapopulation,1000
144,Exponential{Float64}(θ=1.0),false,Exponential{Float64}(θ=0.5),Exponential{Float64}(θ=1.0),3,0.48,false,20,false,false,get_random_metapopulation,1000
145,Exponential{Float64}(θ=1.0),false,Exponential{Float64}(θ=0.01),Exponential{Float64}(θ=1.0),3,0.49,false,20,false,false,get_random_metapopulation,1000
146,Exponential{Float64}(θ=1.0),false,Exponential{Float64}(θ=0.1),Exponential{Float64}(θ=1.0),3,0.49,false,20,false,false,get_random_metapopulation,1000
147,Exponential{Float64}(θ=1.0),false,Exponential{Float64}(θ=0.5),Exponential{Float64}(θ=1.0),3,0.49,false,20,false,false,get_random_metapopulation,1000
148,Exponential{Float64}(θ=1.0),false,Exponential{Float64}(θ=0.01),Exponential{Float64}(θ=1.0),3,0.5,false,20,false,false,get_random_metapopulation,1000
149,Exponential{Float64}(θ=1.0),false,Exponential{Float64}(θ=0.1),Exponential{Float64}(θ=1.0),3,0.5,false,20,false,false,get_random_metapopulation,1000
150,Exponential{Float64}(θ=1.0),false,Exponential{Float64}(θ=0.5),Exponential{Float64}(θ=1.0),3,0.5,false,20,false,false,get_random_metapopulation,1000
151,Exponential{Float64}(θ=1.0),false,Exponential{Float64}(θ=0.01),Exponential{Float64}(θ=1.0),3,0.51,false,20,false,false,get_random_metapopulation,1000
152,Exponential{Float64}(θ=1.0),false,Exponential{Float64}(θ=0.1),Exponential{Float64}(θ=1.0),3,0.51,false,20,false,false,get_random_metapopulation,1000
153,Exponential{Float64}(θ=1.0),false,Exponential{Float64}(θ=0.5),Exponential{Float64}(θ=1.0),3,0.51,false,20,false,false,get_random_metapopulation,1000
154,Exponential{Float64}(θ=1.0),false,Exponential{Float64}(θ=0.01),Exponential{Float64}(θ=1.0),3,0.52,false,20,false,false,get_random_metapopulation,1000
155,Exponential{Float64}(θ=1.0),false,Exponential{Float64}(θ=0.1),Exponential{Float64}(θ=1.0),3,0.52,false,20,false,false,get_random_metapopulation,1000
156,Exponential{Float64}(θ=1.0),false,Exponential{Float64}(θ=0.5),Exponential{Float64}(θ=1.0),3,0.52,false,20,false,false,get_random_metapopulation,1000
157,Exponential{Float64}(θ=1.0),false,Exponential{Float64}(θ=0.01),Exponential{Float64}(θ=1.0),3,0.53,false,20,false,false,get_random_metapopulation,1000
158,Exponential{Float64}(θ=1.0),false,Exponential{Float64}(θ=0.1),Exponential{Float64}(θ=1.0),3,0.53,false,20,false,false,get_random_metapopulation,1000
159,Exponential{Float64}(θ=1.0),false,Exponential{Float64}(θ=0.5),Exponential{Float64}(θ=1.0),3,0.53,false,20,false,false,get_random_metapopulation,1000
160,Exponential{Float64}(θ=1.0),false,Exponential{Float64}(θ=0.01),Exponential{Float64}(θ=1.0),3,0.54,false,20,false,false,get_random_metapopulation,1000
161,Exponential{Float64}(θ=1.0),false,Exponential{Float64}(θ=0.1),Exponential{Float64}(θ=1.0),3,0.54,false,20,false,false,get_random_metapopulation,1000
162,Exponential{Float64}(θ=1.0),false,Exponential{Float64}(θ=0.5),Exponential{Float64}(θ=1.0),3,0.54,false,20,false,false,get_random_metapopulation,1000
163,Exponential{Float64}(θ=1.0),false,Exponential{Float64}(θ=0.01),Exponential{Float64}(θ=1.0),3,0.55,false,20,false,false,get_random_metapopulation,1000
164,Exponential{Float64}(θ=1.0),false,Exponential{Float64}(θ=0.1),Exponential{Float64}(θ=1.0),3,0.55,false,20,false,false,get_random_metapopulation,1000
165,Exponential{Float64}(θ=1.0),false,Exponential{Float64}(θ=0.5),Exponential{Float64}(θ=1.0),3,0.55,false,20,false,false,get_random_metapopulation,1000
166,Exponential{Float64}(θ=1.0),false,Exponential{Float64}(θ=0.01),Exponential{Float64}(θ=1.0),3,0.56,false,20,false,false,get_random_metapopulation,1000
167,Exponential{Float64}(θ=1.0),false,Exponential{Float64}(θ=0.1),Exponential{Float64}(θ=1.0),3,0.56,false,20,false,false,get_random_metapopulation,1000
168,Exponential{Float64}(θ=1.0),false,Exponential{Float64}(θ=0.5),Exponential{Float64}(θ=1.0),3,0.56,false,20,false,false,get_random_metapopulation,1000
169,Exponential{Float64}(θ=1.0),false,Exponential{Float64}(θ=0.01),Exponential{Float64}(θ=1.0),3,0.57,false,20,false,false,get_random_metapopulation,1000
170,Exponential{Float64}(θ=1.0),false,Exponential{Float64}(θ=0.1),Exponential{Float64}(θ=1.0),3,0.57,false,20,false,false,get_random_metapopulation,1000
171,Exponential{Float64}(θ=1.0),false,Exponential{Float64}(θ=0.5),Exponential{Float64}(θ=1.0),3,0.57,false,20,false,false,get_random_metapopulation,1000
172,Exponential{Float64}(θ=1.0),false,Exponential{Float64}(θ=0.01),Exponential{Float64}(θ=1.0),3,0.58,false,20,false,false,get_random_metapopulation,1000
173,Exponential{Float64}(θ=1.0),false,Exponential{Float64}(θ=0.1),Exponential{Float64}(θ=1.0),3,0.58,false,20,false,false,get_random_metapopulation,1000
174,Exponential{Float64}(θ=1.0),false,Exponential{Float64}(θ=0.5),Exponential{Float64}(θ=1.0),3,0.58,false,20,false,false,get_random_metapopulation,1000
175,Exponential{Float64}(θ=1.0),false,Exponential{Float64}(θ=0.01),Exponential{Float64}(θ=1.0),3,0.59,false,20,false,false,get_random_metapopulation,1000
176,Exponential{Float64}(θ=1.0),false,Exponential{Float64}(θ=0.1),Exponential{Float64}(θ=1.0),3,0.59,false,20,false,false,get_random_metapopulation,1000
177,Exponential{Float64}(θ=1.0),false,Exponential{Float64}(θ=0.5),Exponential{Float64}(θ=1.0),3,0.59,false,20,false,false,get_random_metapopulation,1000
178,Exponential{Float64}(θ=1.0),false,Exponential{Float64}(θ=0.01),Exponential{Float64}(θ=1.0),3,0.6,false,20,false,false,get_random_metapopulation,1000
179,Exponential{Float64}(θ=1.0),false,Exponential{Float64}(θ=0.1),Exponential{Float64}(θ=1.0),3,0.6,false,20,false,false,get_random_metapopulation,1000
180,Exponential{Float64}(θ=1.0),false,Exponential{Float64}(θ=0.5),Exponential{Float64}(θ=1.0),3,0.6,false,20,false,false,get_random_metapopulation,1000
181,Exponential{Float64}(θ=1.0),false,Exponential{Float64}(θ=0.01),Exponential{Float64}(θ=1.0),3,0.61,false,20,false,false,get_random_metapopulation,1000
182,Exponential{Float64}(θ=1.0),false,Exponential{Float64}(θ=0.1),Exponential{Float64}(θ=1.0),3,0.61,false,20,false,false,get_random_metapopulation,1000
183,Exponential{Float64}(θ=1.0),false,Exponential{Float64}(θ=0.5),Exponential{Float64}(θ=1.0),3,0.61,false,20,false,false,get_random_metapopulation,1000
184,Exponential{Float64}(θ=1.0),false,Exponential{Float64}(θ=0.01),Exponential{Float64}(θ=1.0),3,0.62,false,20,false,false,get_random_metapopulation,1000
185,Exponential{Float64}(θ=1.0),false,Exponential{Float64}(θ=0.1),Exponential{Float64}(θ=1.0),3,0.62,false,20,false,false,get_random_metapopulation,1000
186,Exponential{Float64}(θ=1.0),false,Exponential{Float64}(θ=0.5),Exponential{Float64}(θ=1.0),3,0.62,false,20,false,false,get_random_metapopulation,1000
187,Exponential{Float64}(θ=1.0),false,Exponential{Float64}(θ=0.01),Exponential{Float64}(θ=1.0),3,0.63,false,20,false,false,get_random_metapopulation,1000
188,Exponential{Float64}(θ=1.0),false,Exponential{Float64}(θ=0.1),Exponential{Float64}(θ=1.0),3,0.63,false,20,false,false,get_random_metapopulation,1000
189,Exponential{Float64}(θ=1.0),false,Exponential{Float64}(θ=0.5),Exponential{Float64}(θ=1.0),3,0.63,false,20,false,false,get_random_metapopulation,1000
190,Exponential{Float64}(θ=1.0),false,Exponential{Float64}(θ=0.01),Exponential{Float64}(θ=1.0),3,0.64,false,20,false,false,get_random_metapopulation,1000
191,Exponential{Float64}(θ=1.0),false,Exponential{Float64}(θ=0.1),Exponential{Float64}(θ=1.0),3,0.64,false,20,false,false,get_random_metapopulation,1000
192,Exponential{Float64}(θ=1.0),false,Exponential{Float64}(θ=0.5),Exponential{Float64}(θ=1.0),3,0.64,false,20,false,false,get_random_metapopulation,1000
193,Exponential{Float64}(θ=1.0),false,Exponential{Float64}(θ=0.01),Exponential{Float64}(θ=1.0),3,0.65,false,20,false,false,get_random_metapopulation,1000
194,Exponential{Float64}(θ=1.0),false,Exponential{Float64}(θ=0.1),Exponential{Float64}(θ=1.0),3,0.65,false,20,false,false,get_random_metapopulation,1000
195,Exponential{Float64}(θ=1.0),false,Exponential{Float64}(θ=0.5),Exponential{Float64}(θ=1.0),3,0.65,false,20,false,false,get_random_metapopulation,1000
196,Exponential{Float64}(θ=1.0),false,Exponential{Float64}(θ=0.01),Exponential{Float64}(θ=1.0),3,0.66,false,20,false,false,get_random_metapopulation,1000
197,Exponential{Float64}(θ=1.0),false,Exponential{Float64}(θ=0.1),Exponential{Float64}(θ=1.0),3,0.66,false,20,false,false,get_random_metapopulation,1000
198,Exponential{Float64}(θ=1.0),false,Exponential{Float64}(θ=0.5),Exponential{Float64}(θ=1.0),3,0.66,false,20,false,false,get_random_metapopulation,1000
199,Exponential{Float64}(θ=1.0),false,Exponential{Float64}(θ=0.01),Exponential{Float64}(θ=1.0),3,0.67,false,20,false,false,get_random_metapopulation,1000
200,Exponential{Float64}(θ=1.0),false,Exponential{Float64}(θ=0.1),Exponential{Float64}(θ=1.0),3,0.67,false,20,false,false,get_random_metapopulation,1000
201,Exponential{Float64}(θ=1.0),false,Exponential{Float64}(θ=0.5),Exponential{Float64}(θ=1.0),3,0.67,false,20,false,false,get_random_metapopulation,1000
202,Exponential{Float64}(θ=1.0),false,Exponential{Float64}(θ=0.01),Exponential{Float64}(θ=1.0),3,0.68,false,20,false,false,get_random_metapopulation,1000
203,Exponential{Float64}(θ=1.0),false,Exponential{Float64}(θ=0.1),Exponential{Float64}(θ=1.0),3,0.68,false,20,false,false,get_random_metapopulation,1000
204,Exponential{Float64}(θ=1.0),false,Exponential{Float64}(θ=0.5),Exponential{Float64}(θ=1.0),3,0.68,false,20,false,false,get_random_metapopulation,1000
205,Exponential{Float64}(θ=1.0),false,Exponential{Float64}(θ=0.01),Exponential{Float64}(θ=1.0),3,0.69,false,20,false,false,get_random_metapopulation,1000
206,Exponential{Float64}(θ=1.0),false,Exponential{Float64}(θ=0.1),Exponential{Float64}(θ=1.0),3,0.69,false,20,false,false,get_random_metapopulation,1000
207,Exponential{Float64}(θ=1.0),false,Exponential{Float64}(θ=0.5),Exponential{Float64}(θ=1.0),3,0.69,false,20,false,false,get_random_metapopulation,1000
208,Exponential{Float64}(θ=1.0),false,Exponential{Float64}(θ=0.01),Exponential{Float64}(θ=1.0),3,0.7,false,20,false,false,get_random_metapopulation,1000
209,Exponential{Float64}(θ=1.0),false,Exponential{Float64}(θ=0.1),Exponential{Float64}(θ=1.0),3,0.7,false,20,false,false,get_random_metapopulation,1000
210,Exponential{Float64}(θ=1.0),false,Exponential{Float64}(θ=0.5),Exponential{Float64}(θ=1.0),3,0.7,false,20,false,false,get_random_metapopulation,1000
211,Exponential{Float64}(θ=1.0),false,Exponential{Float64}(θ=0.01),Exponential{Float64}(θ=1.0),3,0.71,false,20,false,false,get_random_metapopulation,1000
212,Exponential{Float64}(θ=1.0),false,Exponential{Float64}(θ=0.1),Exponential{Float64}(θ=1.0),3,0.71,false,20,false,false,get_random_metapopulation,1000
213,Exponential{Float64}(θ=1.0),false,Exponential{Float64}(θ=0.5),Exponential{Float64}(θ=1.0),3,0.71,false,20,false,false,get_random_metapopulation,1000
214,Exponential{Float64}(θ=1.0),false,Exponential{Float64}(θ=0.01),Exponential{Float64}(θ=1.0),3,0.72,false,20,false,false,get_random_metapopulation,1000
215,Exponential{Float64}(θ=1.0),false,Exponential{Float64}(θ=0.1),Exponential{Float64}(θ=1.0),3,0.72,false,20,false,false,get_random_metapopulation,1000
216,Exponential{Float64}(θ=1.0),false,Exponential{Float64}(θ=0.5),Exponential{Float64}(θ=1.0),3,0.72,false,20,false,false,get_random_metapopulation,1000
217,Exponential{Float64}(θ=1.0),false,Exponential{Float64}(θ=0.01),Exponential{Float64}(θ=1.0),3,0.73,false,20,false,false,get_random_metapopulation,1000
218,Exponential{Float64}(θ=1.0),false,Exponential{Float64}(θ=0.1),Exponential{Float64}(θ=1.0),3,0.73,false,20,false,false,get_random_metapopulation,1000
219,Exponential{Float64}(θ=1.0),false,Exponential{Float64}(θ=0.5),Exponential{Float64}(θ=1.0),3,0.73,false,20,false,false,get_random_metapopulation,1000
220,Exponential{Float64}(θ=1.0),false,Exponential{Float64}(θ=0.01),Exponential{Float64}(θ=1.0),3,0.74,false,20,false,false,get_random_metapopulation,1000
221,Exponential{Float64}(θ=1.0),false,Exponential{Float64}(θ=0.1),Exponential{Float64}(θ=1.0),3,0.74,false,20,false,false,get_random_metapopulation,1000
222,Exponential{Float64}(θ=1.0),false,Exponential{Float64}(θ=0.5),Exponential{Float64}(θ=1.0),3,0.74,false,20,false,false,get_random_metapopulation,1000
223,Exponential{Float64}(θ=1.0),false,Exponential{Float64}(θ=0.01),Exponential{Float64}(θ=1.0),3,0.75,false,20,false,false,get_random_metapopulation,1000
224,Exponential{Float64}(θ=1.0),false,Exponential{Float64}(θ=0.1),Exponential{Float64}(θ=1.0),3,0.75,false,20,false,false,get_random_metapopulation,1000
225,Exponential{Float64}(θ=1.0),false,Exponential{Float64}(θ=0.5),Exponential{Float64}(θ=1.0),3,0.75,false,20,false,false,get_random_metapopulation,1000
226,Exponential{Float64}(θ=1.0),false,Exponential{Float64}(θ=0.01),Exponential{Float64}(θ=1.0),3,0.76,false,20,false,false,get_random_metapopulation,1000
227,Exponential{Float64}(θ=1.0),false,Exponential{Float64}(θ=0.1),Exponential{Float64}(θ=1.0),3,0.76,false,20,false,false,get_random_metapopulation,1000
228,Exponential{Float64}(θ=1.0),false,Exponential{Float64}(θ=0.5),Exponential{Float64}(θ=1.0),3,0.76,false,20,false,false,get_random_metapopulation,1000
229,Exponential{Float64}(θ=1.0),false,Exponential{Float64}(θ=0.01),Exponential{Float64}(θ=1.0),3,0.77,false,20,false,false,get_random_metapopulation,1000
230,Exponential{Float64}(θ=1.0),false,Exponential{Float64}(θ=0.1),Exponential{Float64}(θ=1.0),3,0.77,false,20,false,false,get_random_metapopulation,1000
231,Exponential{Float64}(θ=1.0),false,Exponential{Float64}(θ=0.5),Exponential{Float64}(θ=1.0),3,0.77,false,20,false,false,get_random_metapopulation,1000
232,Exponential{Float64}(θ=1.0),false,Exponential{Float64}(θ=0.01),Exponential{Float64}(θ=1.0),3,0.78,false,20,false,false,get_random_metapopulation,1000
233,Exponential{Float64}(θ=1.0),false,Exponential{Float64}(θ=0.1),Exponential{Float64}(θ=1.0),3,0.78,false,20,false,false,get_random_metapopulation,1000
234,Exponential{Float64}(θ=1.0),false,Exponential{Float64}(θ=0.5),Exponential{Float64}(θ=1.0),3,0.78,false,20,false,false,get_random_metapopulation,1000
235,Exponential{Float64}(θ=1.0),false,Exponential{Float64}(θ=0.01),Exponential{Float64}(θ=1.0),3,0.79,false,20,false,false,get_random_metapopulation,1000
236,Exponential{Float64}(θ=1.0),false,Exponential{Float64}(θ=0.1),Exponential{Float64}(θ=1.0),3,0.79,false,20,false,false,get_random_metapopulation,1000
237,Exponential{Float64}(θ=1.0),false,Exponential{Float64}(θ=0.5),Exponential{Float64}(θ=1.0),3,0.79,false,20,false,false,get_random_metapopulation,1000
238,Exponential{Float64}(θ=1.0),false,Exponential{Float64}(θ=0.01),Exponential{Float64}(θ=1.0),3,0.8,false,20,false,false,get_random_metapopulation,1000
239,Exponential{Float64}(θ=1.0),false,Exponential{Float64}(θ=0.1),Exponential{Float64}(θ=1.0),3,0.8,false,20,false,false,get_random_metapopulation,1000
240,Exponential{Float64}(θ=1.0),false,Exponential{Float64}(θ=0.5),Exponential{Float64}(θ=1.0),3,0.8,false,20,false,false,get_random_metapopulation,1000
241,Exponential{Float64}(θ=1.0),false,Exponential{Float64}(θ=0.01),Exponential{Float64}(θ=1.0),3,0.81,false,20,false,false,get_random_metapopulation,1000
242,Exponential{Float64}(θ=1.0),false,Exponential{Float64}(θ=0.1),Exponential{Float64}(θ=1.0),3,0.81,false,20,false,false,get_random_metapopulation,1000
243,Exponential{Float64}(θ=1.0),false,Exponential{Float64}(θ=0.5),Exponential{Float64}(θ=1.0),3,0.81,false,20,false,false,get_random_metapopulation,1000
244,Exponential{Float64}(θ=1.0),false,Exponential{Float64}(θ=0.01),Exponential{Float64}(θ=1.0),3,0.82,false,20,false,false,get_random_metapopulation,1000
245,Exponential{Float64}(θ=1.0),false,Exponential{Float64}(θ=0.1),Exponential{Float64}(θ=1.0),3,0.82,false,20,false,false,get_random_metapopulation,1000
246,Exponential{Float64}(θ=1.0),false,Exponential{Float64}(θ=0.5),Exponential{Float64}(θ=1.0),3,0.82,false,20,false,false,get_random_metapopulation,1000
247,Exponential{Float64}(θ=1.0),false,Exponential{Float64}(θ=0.01),Exponential{Float64}(θ=1.0),3,0.83,false,20,false,false,get_random_metapopulation,1000
248,Exponential{Float64}(θ=1.0),false,Exponential{Float64}(θ=0.1),Exponential{Float64}(θ=1.0),3,0.83,false,20,false,false,get_random_metapopulation,1000
249,Exponential{Float64}(θ=1.0),false,Exponential{Float64}(θ=0.5),Exponential{Float64}(θ=1.0),3,0.83,false,20,false,false,get_random_metapopulation,1000
250,Exponential{Float64}(θ=1.0),false,Exponential{Float64}(θ=0.01),Exponential{Float64}(θ=1.0),3,0.84,false,20,false,false,get_random_metapopulation,1000
251,Exponential{Float64}(θ=1.0),false,Exponential{Float64}(θ=0.1),Exponential{Float64}(θ=1.0),3,0.84,false,20,false,false,get_random_metapopulation,1000
252,Exponential{Float64}(θ=1.0),false,Exponential{Float64}(θ=0.5),Exponential{Float64}(θ=1.0),3,0.84,false,20,false,false,get_random_metapopulation,1000
253,Exponential{Float64}(θ=1.0),false,Exponential{Float64}(θ=0.01),Exponential{Float64}(θ=1.0),3,0.85,false,20,false,false,get_random_metapopulation,1000
254,Exponential{Float64}(θ=1.0),false,Exponential{Float64}(θ=0.1),Exponential{Float64}(θ=1.0),3,0.85,false,20,false,false,get_random_metapopulation,1000
255,Exponential{Float64}(θ=1.0),false,Exponential{Float64}(θ=0.5),Exponential{Float64}(θ=1.0),3,0.85,false,20,false,false,get_random_metapopulation,1000
256,Exponential{Float64}(θ=1.0),false,Exponential{Float64}(θ=0.01),Exponential{Float64}(θ=1.0),3,0.86,false,20,false,false,get_random_metapopulation,1000
257,Exponential{Float64}(θ=1.0),false,Exponential{Float64}(θ=0.1),Exponential{Float64}(θ=1.0),3,0.86,false,20,false,false,get_random_metapopulation,1000
258,Exponential{Float64}(θ=1.0),false,Exponential{Float64}(θ=0.5),Exponential{Float64}(θ=1.0),3,0.86,false,20,false,false,get_random_metapopulation,1000
259,Exponential{Float64}(θ=1.0),false,Exponential{Float64}(θ=0.01),Exponential{Float64}(θ=1.0),3,0.87,false,20,false,false,get_random_metapopulation,1000
260,Exponential{Float64}(θ=1.0),false,Exponential{Float64}(θ=0.1),Exponential{Float64}(θ=1.0),3,0.87,false,20,false,false,get_random_metapopulation,1000
261,Exponential{Float64}(θ=1.0),false,Exponential{Float64}(θ=0.5),Exponential{Float64}(θ=1.0),3,0.87,false,20,false,false,get_random_metapopulation,1000
262,Exponential{Float64}(θ=1.0),false,Exponential{Float64}(θ=0.01),Exponential{Float64}(θ=1.0),3,0.88,false,20,false,false,get_random_metapopulation,1000
263,Exponential{Float64}(θ=1.0),false,Exponential{Float64}(θ=0.1),Exponential{Float64}(θ=1.0),3,0.88,false,20,false,false,get_random_metapopulation,1000
264,Exponential{Float64}(θ=1.0),false,Exponential{Float64}(θ=0.5),Exponential{Float64}(θ=1.0),3,0.88,false,20,false,false,get_random_metapopulation,1000
265,Exponential{Float64}(θ=1.0),false,Exponential{Float64}(θ=0.01),Exponential{Float64}(θ=1.0),3,0.89,false,20,false,false,get_random_metapopulation,1000
266,Exponential{Float64}(θ=1.0),false,Exponential{Float64}(θ=0.1),Exponential{Float64}(θ=1.0),3,0.89,false,20,false,false,get_random_metapopulation,1000
267,Exponential{Float64}(θ=1.0),false,Exponential{Float64}(θ=0.5),Exponential{Float64}(θ=1.0),3,0.89,false,20,false,false,get_random_metapopulation,1000
268,Exponential{Float64}(θ=1.0),false,Exponential{Float64}(θ=0.01),Exponential{Float64}(θ=1.0),3,0.9,false,20,false,false,get_random_metapopulation,1000
269,Exponential{Float64}(θ=1.0),false,Exponential{Float64}(θ=0.1),Exponential{Float64}(θ=1.0),3,0.9,false,20,false,false,get_random_metapopulation,1000
270,Exponential{Float64}(θ=1.0),false,Exponential{Float64}(θ=0.5),Exponential{Float64}(θ=1.0),3,0.9,false,20,false,false,get_random_metapopulation,1000
271,Exponential{Float64}(θ=1.0),false,Exponential{Float64}(θ=0.01),Exponential{Float64}(θ=1.0),3,0.91,false,20,false,false,get_random_metapopulation,1000
272,Exponential{Float64}(θ=1.0),false,Exponential{Float64}(θ=0.1),Exponential{Float64}(θ=1.0),3,0.91,false,20,false,false,get_random_metapopulation,1000
273,Exponential{Float64}(θ=1.0),false,Exponential{Float64}(θ=0.5),Exponential{Float64}(θ=1.0),3,0.91,false,20,false,false,get_random_metapopulation,1000
274,Exponential{Float64}(θ=1.0),false,Exponential{Float64}(θ=0.01),Exponential{Float64}(θ=1.0),3,0.92,false,20,false,false,get_random_metapopulation,1000
275,Exponential{Float64}(θ=1.0),false,Exponential{Float64}(θ=0.1),Exponential{Float64}(θ=1.0),3,0.92,false,20,false,false,get_random_metapopulation,1000
276,Exponential{Float64}(θ=1.0),false,Exponential{Float64}(θ=0.5),Exponential{Float64}(θ=1.0),3,0.92,false,20,false,false,get_random_metapopulation,1000
277,Exponential{Float64}(θ=1.0),false,Exponential{Float64}(θ=0.01),Exponential{Float64}(θ=1.0),3,0.93,false,20,false,false,get_random_metapopulation,1000
278,Exponential{Float64}(θ=1.0),false,Exponential{Float64}(θ=0.1),Exponential{Float64}(θ=1.0),3,0.93,false,20,false,false,get_random_metapopulation,1000
279,Exponential{Float64}(θ=1.0),false,Exponential{Float64}(θ=0.5),Exponential{Float64}(θ=1.0),3,0.93,false,20,false,false,get_random_metapopulation,1000
280,Exponential{Float64}(θ=1.0),false,Exponential{Float64}(θ=0.01),Exponential{Float64}(θ=1.0),3,0.94,false,20,false,false,get_random_metapopulation,1000
281,Exponential{Float64}(θ=1.0),false,Exponential{Float64}(θ=0.1),Exponential{Float64}(θ=1.0),3,0.94,false,20,false,false,get_random_metapopulation,1000
282,Exponential{Float64}(θ=1.0),false,Exponential{Float64}(θ=0.5),Exponential{Float64}(θ=1.0),3,0.94,false,20,false,false,get_random_metapopulation,1000
283,Exponential{Float64}(θ=1.0),false,Exponential{Float64}(θ=0.01),Exponential{Float64}(θ=1.0),3,0.95,false,20,false,false,get_random_metapopulation,1000
284,Exponential{Float64}(θ=1.0),false,Exponential{Float64}(θ=0.1),Exponential{Float64}(θ=1.0),3,0.95,false,20,false,false,get_random_metapopulation,1000
285,Exponential{Float64}(θ=1.0),false,Exponential{Float64}(θ=0.5),Exponential{Float64}(θ=1.0),3,0.95,false,20,false,false,get_random_metapopulation,1000
286,Exponential{Float64}(θ=1.0),false,Exponential{Float64}(θ=0.01),Exponential{Float64}(θ=1.0),3,0.96,false,20,false,false,get_random_metapopulation,1000
287,Exponential{Float64}(θ=1.0),false,Exponential{Float64}(θ=0.1),Exponential{Float64}(θ=1.0),3,0.96,false,20,false,false,get_random_metapopulation,1000
288,Exponential{Float64}(θ=1.0),false,Exponential{Float64}(θ=0.5),Exponential{Float64}(θ=1.0),3,0.96,false,20,false,false,get_random_metapopulation,1000
289,Exponential{Float64}(θ=1.0),false,Exponential{Float64}(θ=0.01),Exponential{Float64}(θ=1.0),3,0.97,false,20,false,false,get_random_metapopulation,1000
290,Exponential{Float64}(θ=1.0),false,Exponential{Float64}(θ=0.1),Exponential{Float64}(θ=1.0),3,0.97,false,20,false,false,get_random_metapopulation,1000
291,Exponential{Float64}(θ=1.0),false,Exponential{Float64}(θ=0.5),Exponential{Float64}(θ=1.0),3,0.97,false,20,false,false,get_random_metapopulation,1000
292,Exponential{Float64}(θ=1.0),false,Exponential{Float64}(θ=0.01),Exponential{Float64}(θ=1.0),3,0.98,false,20,false,false,get_random_metapopulation,1000
293,Exponential{Float64}(θ=1.0),false,Exponential{Float64}(θ=0.1),Exponential{Float64}(θ=1.0),3,0.98,false,20,false,false,get_random_metapopulation,1000
294,Exponential{Float64}(θ=1.0),false,Exponential{Float64}(θ=0.5),Exponential{Float64}(θ=1.0),3,0.98,false,20,false,false,get_random_metapopulation,1000
295,Exponential{Float64}(θ=1.0),false,Exponential{Float64}(θ=0.01),Exponential{Float64}(θ=1.0),3,0.99,false,20,false,false,get_random_metapopulation,1000
296,Exponential{Float64}(θ=1.0),false,Exponential{Float64}(θ=0.1),Exponential{Float64}(θ=1.0),3,0.99,false,20,false,false,get_random_metapopulation,1000
297,Exponential{Float64}(θ=1.0),false,Exponential{Float64}(θ=0.5),Exponential{Float64}(θ=1.0),3,0.99,false,20,false,false,get_random_metapopulation,1000
298,Exponential{Float64}(θ=1.0),false,Exponential{Float64}(θ=0.01),Exponential{Float64}(θ=1.0),3,1.0,false,20,false,false,get_random_metapopulation,1000
299,Exponential{Float64}(θ=1.0),false,Exponential{Float64}(θ=0.1),Exponential{Float64}(θ=1.0),3,1.0,false,20,false,false,get_random_metapopulation,1000
300,Exponential{Float64}(θ=1.0),false,Exponential{Float64}(θ=0.5),Exponential{Float64}(θ=1.0),3,1.0,false,20,false,false,get_random_metapopulation,1000
